# Parity vectors, server only: decore::darkLightForViewer
# (src/domain/DarkLight.h), the dark and light levels a player is sent for
# its zone. The server's makeGCUpdateInfo (PacketUtil.cpp), the broadcast
# when a zone's levels change (WeatherManager.cpp) and a vampire's Flare
# wearing off (skill/EffectFlare.cpp) call it. The client does not
# compute it, only draws the levels it is sent, and does not copy this
# directory. Every row is asserted for exact equality by formula_tests. A
# changed expected value is a balance change: review it as one.
# UPDATE_GOLDENS=1 formula_tests rewrites the expected column only.
#
# Tab-separated, one row per call: function, row name, the inputs, and the
# expected result last.
#
# darkLightForViewer columns: race castleZone pkZone lightness
#   yellowPoison zoneDarkLevel zoneLightLevel expected. The race is
#   written by its DarkLightRace enumerator name (Slayer, Vampire,
#   Ousters); each flag is 0 or 1; expected is the dark level and the light
#   level, comma-separated, before the packet's 8-bit fields narrow them.
#   The server passes the zone's levels from its DarkLightInfo table, 0 to
#   15 for the dark level and 4 to 13 for the light level in the seed data.
#
# The branch rows follow the order the function decides in: a castle
# zone, then a PK zone, then the race. The vampire-* rows are its clamps:
# the dark level stops at 0 past a zone dark level of 13, and the light
# level stops at 13 below a zone light level of 2 and goes negative past
# 15. The weather-* rows are what the broadcast sends a slayer and a
# vampire at the seed data's darkest settings (dark 14 and light 5 from
# 19:00 and at 4:00, dark 15 and light 4 from 20:00 to 3:50 game time):
# before the broadcast called this, it sent a vampire 13 minus the dark
# level unclamped, which the packet's byte wrapped to 255 and 254
# (docs/FIXES.md). The grid-* rows are every race and flag combination at
# three zone settings from the seed data (dark 0 and light 13 at noon, 13
# and 6 at dusk, 15 and 4 at midnight).
darkLightForViewer	castle-slayer-zone-levels	Slayer	1	0	0	0	15	4	15,4
darkLightForViewer	castle-over-pk-and-effects	Slayer	1	1	1	1	15	4	15,4
darkLightForViewer	castle-vampire-not-inverted	Vampire	1	0	0	0	15	4	15,4
darkLightForViewer	castle-ousters-zone-levels	Ousters	1	0	0	1	15	4	15,4
darkLightForViewer	pk-slayer-daylight	Slayer	0	1	0	0	15	4	0,14
darkLightForViewer	pk-over-effects	Slayer	0	1	1	1	15	4	0,14
darkLightForViewer	pk-vampire-daylight	Vampire	0	1	0	0	15	4	0,14
darkLightForViewer	pk-ousters-daylight	Ousters	0	1	0	1	15	4	0,14
darkLightForViewer	slayer-zone-levels	Slayer	0	0	0	0	15	4	15,4
darkLightForViewer	slayer-lightness	Slayer	0	0	1	0	15	4	1,15
darkLightForViewer	slayer-lightness-over-yellow-poison	Slayer	0	0	1	1	15	4	1,15
darkLightForViewer	slayer-yellow-poison	Slayer	0	0	0	1	0	13	15,1
darkLightForViewer	vampire-noon	Vampire	0	0	0	0	0	13	13,2
darkLightForViewer	vampire-dusk	Vampire	0	0	0	0	13	6	0,9
darkLightForViewer	vampire-ignores-effects	Vampire	0	0	1	1	13	6	0,9
darkLightForViewer	vampire-dark-14-clamped-to-0	Vampire	0	0	0	0	14	4	0,11
darkLightForViewer	vampire-dark-15-clamped-to-0	Vampire	0	0	0	0	15	4	0,11
darkLightForViewer	vampire-dark-255-clamped-to-0	Vampire	0	0	0	0	255	4	0,11
darkLightForViewer	vampire-light-2-is-13	Vampire	0	0	0	0	0	2	13,13
darkLightForViewer	vampire-light-1-clamped-to-13	Vampire	0	0	0	0	0	1	13,13
darkLightForViewer	vampire-light-0-clamped-to-13	Vampire	0	0	0	0	0	0	13,13
darkLightForViewer	vampire-light-15-is-0	Vampire	0	0	0	0	0	15	13,0
darkLightForViewer	vampire-light-16-negative	Vampire	0	0	0	0	0	16	13,-1
darkLightForViewer	vampire-light-255-negative	Vampire	0	0	0	0	0	255	13,-240
darkLightForViewer	ousters-dusk	Ousters	0	0	0	0	0	13	13,6
darkLightForViewer	ousters-ignores-lightness	Ousters	0	0	1	0	0	13	13,6
darkLightForViewer	ousters-yellow-poison	Ousters	0	0	0	1	0	13	15,1
darkLightForViewer	weather-slayer-dark-14-light-5	Slayer	0	0	0	0	14	5	14,5
darkLightForViewer	weather-vampire-dark-14-light-5	Vampire	0	0	0	0	14	5	0,10
darkLightForViewer	weather-slayer-dark-15-light-4	Slayer	0	0	0	0	15	4	15,4
darkLightForViewer	weather-vampire-dark-15-light-4	Vampire	0	0	0	0	15	4	0,11
darkLightForViewer	weather-vampire-dark-13-light-6	Vampire	0	0	0	0	13	6	0,9
darkLightForViewer	grid-slayer-0000-0-13	Slayer	0	0	0	0	0	13	0,13
darkLightForViewer	grid-slayer-0000-13-6	Slayer	0	0	0	0	13	6	13,6
darkLightForViewer	grid-slayer-0000-15-4	Slayer	0	0	0	0	15	4	15,4
darkLightForViewer	grid-slayer-0001-0-13	Slayer	0	0	0	1	0	13	15,1
darkLightForViewer	grid-slayer-0001-13-6	Slayer	0	0	0	1	13	6	15,1
darkLightForViewer	grid-slayer-0001-15-4	Slayer	0	0	0	1	15	4	15,1
darkLightForViewer	grid-slayer-0010-0-13	Slayer	0	0	1	0	0	13	1,15
darkLightForViewer	grid-slayer-0010-13-6	Slayer	0	0	1	0	13	6	1,15
darkLightForViewer	grid-slayer-0010-15-4	Slayer	0	0	1	0	15	4	1,15
darkLightForViewer	grid-slayer-0011-0-13	Slayer	0	0	1	1	0	13	1,15
darkLightForViewer	grid-slayer-0011-13-6	Slayer	0	0	1	1	13	6	1,15
darkLightForViewer	grid-slayer-0011-15-4	Slayer	0	0	1	1	15	4	1,15
darkLightForViewer	grid-slayer-0100-0-13	Slayer	0	1	0	0	0	13	0,14
darkLightForViewer	grid-slayer-0100-13-6	Slayer	0	1	0	0	13	6	0,14
darkLightForViewer	grid-slayer-0100-15-4	Slayer	0	1	0	0	15	4	0,14
darkLightForViewer	grid-slayer-0101-0-13	Slayer	0	1	0	1	0	13	0,14
darkLightForViewer	grid-slayer-0101-13-6	Slayer	0	1	0	1	13	6	0,14
darkLightForViewer	grid-slayer-0101-15-4	Slayer	0	1	0	1	15	4	0,14
darkLightForViewer	grid-slayer-0110-0-13	Slayer	0	1	1	0	0	13	0,14
darkLightForViewer	grid-slayer-0110-13-6	Slayer	0	1	1	0	13	6	0,14
darkLightForViewer	grid-slayer-0110-15-4	Slayer	0	1	1	0	15	4	0,14
darkLightForViewer	grid-slayer-0111-0-13	Slayer	0	1	1	1	0	13	0,14
darkLightForViewer	grid-slayer-0111-13-6	Slayer	0	1	1	1	13	6	0,14
darkLightForViewer	grid-slayer-0111-15-4	Slayer	0	1	1	1	15	4	0,14
darkLightForViewer	grid-slayer-1000-0-13	Slayer	1	0	0	0	0	13	0,13
darkLightForViewer	grid-slayer-1000-13-6	Slayer	1	0	0	0	13	6	13,6
darkLightForViewer	grid-slayer-1000-15-4	Slayer	1	0	0	0	15	4	15,4
darkLightForViewer	grid-slayer-1001-0-13	Slayer	1	0	0	1	0	13	0,13
darkLightForViewer	grid-slayer-1001-13-6	Slayer	1	0	0	1	13	6	13,6
darkLightForViewer	grid-slayer-1001-15-4	Slayer	1	0	0	1	15	4	15,4
darkLightForViewer	grid-slayer-1010-0-13	Slayer	1	0	1	0	0	13	0,13
darkLightForViewer	grid-slayer-1010-13-6	Slayer	1	0	1	0	13	6	13,6
darkLightForViewer	grid-slayer-1010-15-4	Slayer	1	0	1	0	15	4	15,4
darkLightForViewer	grid-slayer-1011-0-13	Slayer	1	0	1	1	0	13	0,13
darkLightForViewer	grid-slayer-1011-13-6	Slayer	1	0	1	1	13	6	13,6
darkLightForViewer	grid-slayer-1011-15-4	Slayer	1	0	1	1	15	4	15,4
darkLightForViewer	grid-slayer-1100-0-13	Slayer	1	1	0	0	0	13	0,13
darkLightForViewer	grid-slayer-1100-13-6	Slayer	1	1	0	0	13	6	13,6
darkLightForViewer	grid-slayer-1100-15-4	Slayer	1	1	0	0	15	4	15,4
darkLightForViewer	grid-slayer-1101-0-13	Slayer	1	1	0	1	0	13	0,13
darkLightForViewer	grid-slayer-1101-13-6	Slayer	1	1	0	1	13	6	13,6
darkLightForViewer	grid-slayer-1101-15-4	Slayer	1	1	0	1	15	4	15,4
darkLightForViewer	grid-slayer-1110-0-13	Slayer	1	1	1	0	0	13	0,13
darkLightForViewer	grid-slayer-1110-13-6	Slayer	1	1	1	0	13	6	13,6
darkLightForViewer	grid-slayer-1110-15-4	Slayer	1	1	1	0	15	4	15,4
darkLightForViewer	grid-slayer-1111-0-13	Slayer	1	1	1	1	0	13	0,13
darkLightForViewer	grid-slayer-1111-13-6	Slayer	1	1	1	1	13	6	13,6
darkLightForViewer	grid-slayer-1111-15-4	Slayer	1	1	1	1	15	4	15,4
darkLightForViewer	grid-vampire-0000-0-13	Vampire	0	0	0	0	0	13	13,2
darkLightForViewer	grid-vampire-0000-13-6	Vampire	0	0	0	0	13	6	0,9
darkLightForViewer	grid-vampire-0000-15-4	Vampire	0	0	0	0	15	4	0,11
darkLightForViewer	grid-vampire-0001-0-13	Vampire	0	0	0	1	0	13	13,2
darkLightForViewer	grid-vampire-0001-13-6	Vampire	0	0	0	1	13	6	0,9
darkLightForViewer	grid-vampire-0001-15-4	Vampire	0	0	0	1	15	4	0,11
darkLightForViewer	grid-vampire-0010-0-13	Vampire	0	0	1	0	0	13	13,2
darkLightForViewer	grid-vampire-0010-13-6	Vampire	0	0	1	0	13	6	0,9
darkLightForViewer	grid-vampire-0010-15-4	Vampire	0	0	1	0	15	4	0,11
darkLightForViewer	grid-vampire-0011-0-13	Vampire	0	0	1	1	0	13	13,2
darkLightForViewer	grid-vampire-0011-13-6	Vampire	0	0	1	1	13	6	0,9
darkLightForViewer	grid-vampire-0011-15-4	Vampire	0	0	1	1	15	4	0,11
darkLightForViewer	grid-vampire-0100-0-13	Vampire	0	1	0	0	0	13	0,14
darkLightForViewer	grid-vampire-0100-13-6	Vampire	0	1	0	0	13	6	0,14
darkLightForViewer	grid-vampire-0100-15-4	Vampire	0	1	0	0	15	4	0,14
darkLightForViewer	grid-vampire-0101-0-13	Vampire	0	1	0	1	0	13	0,14
darkLightForViewer	grid-vampire-0101-13-6	Vampire	0	1	0	1	13	6	0,14
darkLightForViewer	grid-vampire-0101-15-4	Vampire	0	1	0	1	15	4	0,14
darkLightForViewer	grid-vampire-0110-0-13	Vampire	0	1	1	0	0	13	0,14
darkLightForViewer	grid-vampire-0110-13-6	Vampire	0	1	1	0	13	6	0,14
darkLightForViewer	grid-vampire-0110-15-4	Vampire	0	1	1	0	15	4	0,14
darkLightForViewer	grid-vampire-0111-0-13	Vampire	0	1	1	1	0	13	0,14
darkLightForViewer	grid-vampire-0111-13-6	Vampire	0	1	1	1	13	6	0,14
darkLightForViewer	grid-vampire-0111-15-4	Vampire	0	1	1	1	15	4	0,14
darkLightForViewer	grid-vampire-1000-0-13	Vampire	1	0	0	0	0	13	0,13
darkLightForViewer	grid-vampire-1000-13-6	Vampire	1	0	0	0	13	6	13,6
darkLightForViewer	grid-vampire-1000-15-4	Vampire	1	0	0	0	15	4	15,4
darkLightForViewer	grid-vampire-1001-0-13	Vampire	1	0	0	1	0	13	0,13
darkLightForViewer	grid-vampire-1001-13-6	Vampire	1	0	0	1	13	6	13,6
darkLightForViewer	grid-vampire-1001-15-4	Vampire	1	0	0	1	15	4	15,4
darkLightForViewer	grid-vampire-1010-0-13	Vampire	1	0	1	0	0	13	0,13
darkLightForViewer	grid-vampire-1010-13-6	Vampire	1	0	1	0	13	6	13,6
darkLightForViewer	grid-vampire-1010-15-4	Vampire	1	0	1	0	15	4	15,4
darkLightForViewer	grid-vampire-1011-0-13	Vampire	1	0	1	1	0	13	0,13
darkLightForViewer	grid-vampire-1011-13-6	Vampire	1	0	1	1	13	6	13,6
darkLightForViewer	grid-vampire-1011-15-4	Vampire	1	0	1	1	15	4	15,4
darkLightForViewer	grid-vampire-1100-0-13	Vampire	1	1	0	0	0	13	0,13
darkLightForViewer	grid-vampire-1100-13-6	Vampire	1	1	0	0	13	6	13,6
darkLightForViewer	grid-vampire-1100-15-4	Vampire	1	1	0	0	15	4	15,4
darkLightForViewer	grid-vampire-1101-0-13	Vampire	1	1	0	1	0	13	0,13
darkLightForViewer	grid-vampire-1101-13-6	Vampire	1	1	0	1	13	6	13,6
darkLightForViewer	grid-vampire-1101-15-4	Vampire	1	1	0	1	15	4	15,4
darkLightForViewer	grid-vampire-1110-0-13	Vampire	1	1	1	0	0	13	0,13
darkLightForViewer	grid-vampire-1110-13-6	Vampire	1	1	1	0	13	6	13,6
darkLightForViewer	grid-vampire-1110-15-4	Vampire	1	1	1	0	15	4	15,4
darkLightForViewer	grid-vampire-1111-0-13	Vampire	1	1	1	1	0	13	0,13
darkLightForViewer	grid-vampire-1111-13-6	Vampire	1	1	1	1	13	6	13,6
darkLightForViewer	grid-vampire-1111-15-4	Vampire	1	1	1	1	15	4	15,4
darkLightForViewer	grid-ousters-0000-0-13	Ousters	0	0	0	0	0	13	13,6
darkLightForViewer	grid-ousters-0000-13-6	Ousters	0	0	0	0	13	6	13,6
darkLightForViewer	grid-ousters-0000-15-4	Ousters	0	0	0	0	15	4	13,6
darkLightForViewer	grid-ousters-0001-0-13	Ousters	0	0	0	1	0	13	15,1
darkLightForViewer	grid-ousters-0001-13-6	Ousters	0	0	0	1	13	6	15,1
darkLightForViewer	grid-ousters-0001-15-4	Ousters	0	0	0	1	15	4	15,1
darkLightForViewer	grid-ousters-0010-0-13	Ousters	0	0	1	0	0	13	13,6
darkLightForViewer	grid-ousters-0010-13-6	Ousters	0	0	1	0	13	6	13,6
darkLightForViewer	grid-ousters-0010-15-4	Ousters	0	0	1	0	15	4	13,6
darkLightForViewer	grid-ousters-0011-0-13	Ousters	0	0	1	1	0	13	15,1
darkLightForViewer	grid-ousters-0011-13-6	Ousters	0	0	1	1	13	6	15,1
darkLightForViewer	grid-ousters-0011-15-4	Ousters	0	0	1	1	15	4	15,1
darkLightForViewer	grid-ousters-0100-0-13	Ousters	0	1	0	0	0	13	0,14
darkLightForViewer	grid-ousters-0100-13-6	Ousters	0	1	0	0	13	6	0,14
darkLightForViewer	grid-ousters-0100-15-4	Ousters	0	1	0	0	15	4	0,14
darkLightForViewer	grid-ousters-0101-0-13	Ousters	0	1	0	1	0	13	0,14
darkLightForViewer	grid-ousters-0101-13-6	Ousters	0	1	0	1	13	6	0,14
darkLightForViewer	grid-ousters-0101-15-4	Ousters	0	1	0	1	15	4	0,14
darkLightForViewer	grid-ousters-0110-0-13	Ousters	0	1	1	0	0	13	0,14
darkLightForViewer	grid-ousters-0110-13-6	Ousters	0	1	1	0	13	6	0,14
darkLightForViewer	grid-ousters-0110-15-4	Ousters	0	1	1	0	15	4	0,14
darkLightForViewer	grid-ousters-0111-0-13	Ousters	0	1	1	1	0	13	0,14
darkLightForViewer	grid-ousters-0111-13-6	Ousters	0	1	1	1	13	6	0,14
darkLightForViewer	grid-ousters-0111-15-4	Ousters	0	1	1	1	15	4	0,14
darkLightForViewer	grid-ousters-1000-0-13	Ousters	1	0	0	0	0	13	0,13
darkLightForViewer	grid-ousters-1000-13-6	Ousters	1	0	0	0	13	6	13,6
darkLightForViewer	grid-ousters-1000-15-4	Ousters	1	0	0	0	15	4	15,4
darkLightForViewer	grid-ousters-1001-0-13	Ousters	1	0	0	1	0	13	0,13
darkLightForViewer	grid-ousters-1001-13-6	Ousters	1	0	0	1	13	6	13,6
darkLightForViewer	grid-ousters-1001-15-4	Ousters	1	0	0	1	15	4	15,4
darkLightForViewer	grid-ousters-1010-0-13	Ousters	1	0	1	0	0	13	0,13
darkLightForViewer	grid-ousters-1010-13-6	Ousters	1	0	1	0	13	6	13,6
darkLightForViewer	grid-ousters-1010-15-4	Ousters	1	0	1	0	15	4	15,4
darkLightForViewer	grid-ousters-1011-0-13	Ousters	1	0	1	1	0	13	0,13
darkLightForViewer	grid-ousters-1011-13-6	Ousters	1	0	1	1	13	6	13,6
darkLightForViewer	grid-ousters-1011-15-4	Ousters	1	0	1	1	15	4	15,4
darkLightForViewer	grid-ousters-1100-0-13	Ousters	1	1	0	0	0	13	0,13
darkLightForViewer	grid-ousters-1100-13-6	Ousters	1	1	0	0	13	6	13,6
darkLightForViewer	grid-ousters-1100-15-4	Ousters	1	1	0	0	15	4	15,4
darkLightForViewer	grid-ousters-1101-0-13	Ousters	1	1	0	1	0	13	0,13
darkLightForViewer	grid-ousters-1101-13-6	Ousters	1	1	0	1	13	6	13,6
darkLightForViewer	grid-ousters-1101-15-4	Ousters	1	1	0	1	15	4	15,4
darkLightForViewer	grid-ousters-1110-0-13	Ousters	1	1	1	0	0	13	0,13
darkLightForViewer	grid-ousters-1110-13-6	Ousters	1	1	1	0	13	6	13,6
darkLightForViewer	grid-ousters-1110-15-4	Ousters	1	1	1	0	15	4	15,4
darkLightForViewer	grid-ousters-1111-0-13	Ousters	1	1	1	1	0	13	0,13
darkLightForViewer	grid-ousters-1111-13-6	Ousters	1	1	1	1	13	6	13,6
darkLightForViewer	grid-ousters-1111-15-4	Ousters	1	1	1	1	15	4	15,4
